nctId,status,studyType
NCT06483009,NOT_YET_RECRUITING,INTERVENTIONAL
NCT06474598,NOT_YET_RECRUITING,INTERVENTIONAL
NCT06479200,NOT_YET_RECRUITING,INTERVENTIONAL
NCT06480760,NOT_YET_RECRUITING,INTERVENTIONAL
NCT06470867,NOT_YET_RECRUITING,INTERVENTIONAL
NCT06480019,RECRUITING,INTERVENTIONAL
NCT06477588,NOT_YET_RECRUITING,INTERVENTIONAL
NCT06470308,NOT_YET_RECRUITING,INTERVENTIONAL
NCT06479980,RECRUITING,INTERVENTIONAL
NCT06479083,NOT_YET_RECRUITING,INTERVENTIONAL
NCT06475274,NOT_YET_RECRUITING,INTERVENTIONAL
NCT06474936,RECRUITING,INTERVENTIONAL
NCT06474520,NOT_YET_RECRUITING,INTERVENTIONAL
NCT06482970,NOT_YET_RECRUITING,INTERVENTIONAL
NCT06477926,NOT_YET_RECRUITING,INTERVENTIONAL
NCT06483048,NOT_YET_RECRUITING,INTERVENTIONAL
NCT06480721,NOT_YET_RECRUITING,INTERVENTIONAL
NCT06479304,RECRUITING,INTERVENTIONAL
NCT06479187,NOT_YET_RECRUITING,INTERVENTIONAL
NCT06472661,NOT_YET_RECRUITING,INTERVENTIONAL
NCT06480799,ACTIVE_NOT_RECRUITING,INTERVENTIONAL
NCT06475235,NOT_YET_RECRUITING,INTERVENTIONAL
NCT06474832,NOT_YET_RECRUITING,INTERVENTIONAL
NCT06476730,NOT_YET_RECRUITING,INTERVENTIONAL
NCT06477822,RECRUITING,INTERVENTIONAL
NCT06473532,NOT_YET_RECRUITING,INTERVENTIONAL
NCT06472323,NOT_YET_RECRUITING,INTERVENTIONAL
NCT06471348,NOT_YET_RECRUITING,INTERVENTIONAL
NCT06478186,NOT_YET_RECRUITING,INTERVENTIONAL
NCT06477224,NOT_YET_RECRUITING,INTERVENTIONAL
NCT06482788,RECRUITING,INTERVENTIONAL
NCT06475560,NOT_YET_RECRUITING,INTERVENTIONAL
NCT06474234,RECRUITING,INTERVENTIONAL
NCT06471036,NOT_YET_RECRUITING,INTERVENTIONAL
NCT06479369,ACTIVE_NOT_RECRUITING,INTERVENTIONAL
NCT06471309,NOT_YET_RECRUITING,INTERVENTIONAL
NCT06481761,RECRUITING,INTERVENTIONAL
NCT06475599,NOT_YET_RECRUITING,INTERVENTIONAL
NCT06482008,NOT_YET_RECRUITING,INTERVENTIONAL
NCT06477770,RECRUITING,INTERVENTIONAL
NCT06470373,NOT_YET_RECRUITING,INTERVENTIONAL
NCT06475521,NOT_YET_RECRUITING,INTERVENTIONAL
NCT06475937,NOT_YET_RECRUITING,INTERVENTIONAL
NCT06479447,NOT_YET_RECRUITING,INTERVENTIONAL
NCT06480500,RECRUITING,INTERVENTIONAL
NCT06481891,RECRUITING,INTERVENTIONAL
NCT06475690,NOT_YET_RECRUITING,INTERVENTIONAL
NCT06478108,RECRUITING,INTERVENTIONAL
NCT06472505,RECRUITING,INTERVENTIONAL
NCT06472856,NOT_YET_RECRUITING,INTERVENTIONAL
NCT06471283,RECRUITING,INTERVENTIONAL
NCT06477029,NOT_YET_RECRUITING,INTERVENTIONAL
NCT06474039,NOT_YET_RECRUITING,INTERVENTIONAL
NCT06472102,RECRUITING,INTERVENTIONAL
NCT06482593,ACTIVE_NOT_RECRUITING,INTERVENTIONAL
NCT06482086,RECRUITING,INTERVENTIONAL
NCT06480812,ACTIVE_NOT_RECRUITING,INTERVENTIONAL
NCT06472401,NOT_YET_RECRUITING,INTERVENTIONAL
NCT06472544,NOT_YET_RECRUITING,INTERVENTIONAL
NCT06471738,RECRUITING,INTERVENTIONAL
NCT06481995,NOT_YET_RECRUITING,INTERVENTIONAL
NCT06473181,NOT_YET_RECRUITING,INTERVENTIONAL
NCT06477068,NOT_YET_RECRUITING,INTERVENTIONAL
NCT06478667,RECRUITING,INTERVENTIONAL
NCT06470191,NOT_YET_RECRUITING,INTERVENTIONAL
NCT06474078,RECRUITING,INTERVENTIONAL
NCT06477341,RECRUITING,INTERVENTIONAL
NCT06479148,RECRUITING,INTERVENTIONAL
NCT06470386,NOT_YET_RECRUITING,INTERVENTIONAL
NCT06481813,NOT_YET_RECRUITING,INTERVENTIONAL
NCT06474845,NOT_YET_RECRUITING,INTERVENTIONAL
NCT06470555,NOT_YET_RECRUITING,INTERVENTIONAL
NCT06481540,RECRUITING,INTERVENTIONAL
NCT06483087,RECRUITING,INTERVENTIONAL
NCT06482229,NOT_YET_RECRUITING,INTERVENTIONAL
NCT06470152,NOT_YET_RECRUITING,INTERVENTIONAL
NCT06472180,ACTIVE_NOT_RECRUITING,INTERVENTIONAL
NCT06473857,NOT_YET_RECRUITING,INTERVENTIONAL
NCT06470282,NOT_YET_RECRUITING,INTERVENTIONAL
NCT06479109,NOT_YET_RECRUITING,INTERVENTIONAL
NCT06473441,NOT_YET_RECRUITING,INTERVENTIONAL
NCT06481852,NOT_YET_RECRUITING,INTERVENTIONAL
NCT06475716,NOT_YET_RECRUITING,INTERVENTIONAL
NCT06481501,RECRUITING,INTERVENTIONAL
NCT06470451,NOT_YET_RECRUITING,INTERVENTIONAL
NCT06481917,NOT_YET_RECRUITING,INTERVENTIONAL
NCT06472895,NOT_YET_RECRUITING,INTERVENTIONAL
NCT06482268,RECRUITING,INTERVENTIONAL
NCT06476301,NOT_YET_RECRUITING,INTERVENTIONAL
NCT06473103,NOT_YET_RECRUITING,INTERVENTIONAL
NCT06477510,NOT_YET_RECRUITING,INTERVENTIONAL
NCT06470113,NOT_YET_RECRUITING,INTERVENTIONAL
NCT06478173,RECRUITING,INTERVENTIONAL
NCT06471647,NOT_YET_RECRUITING,INTERVENTIONAL
NCT06470542,NOT_YET_RECRUITING,INTERVENTIONAL
NCT06476496,RECRUITING,INTERVENTIONAL
NCT06472986,RECRUITING,INTERVENTIONAL
NCT06472713,NOT_YET_RECRUITING,INTERVENTIONAL
NCT06482814,NOT_YET_RECRUITING,INTERVENTIONAL
NCT06475469,RECRUITING,INTERVENTIONAL
NCT06472206,NOT_YET_RECRUITING,INTERVENTIONAL
NCT06481150,NOT_YET_RECRUITING,INTERVENTIONAL
NCT06480604,NOT_YET_RECRUITING,INTERVENTIONAL
NCT06478719,RECRUITING,INTERVENTIONAL
NCT06480487,NOT_YET_RECRUITING,INTERVENTIONAL
NCT06473155,NOT_YET_RECRUITING,INTERVENTIONAL
NCT06478563,NOT_YET_RECRUITING,INTERVENTIONAL
NCT06470503,NOT_YET_RECRUITING,INTERVENTIONAL
NCT06473285,RECRUITING,INTERVENTIONAL
NCT06471257,NOT_YET_RECRUITING,INTERVENTIONAL
NCT06477679,NOT_YET_RECRUITING,INTERVENTIONAL
NCT06470295,ACTIVE_NOT_RECRUITING,INTERVENTIONAL
NCT06481280,NOT_YET_RECRUITING,INTERVENTIONAL
NCT06482697,NOT_YET_RECRUITING,INTERVENTIONAL
NCT06473051,RECRUITING,INTERVENTIONAL
NCT06473246,NOT_YET_RECRUITING,INTERVENTIONAL
NCT06470893,NOT_YET_RECRUITING,INTERVENTIONAL
NCT06472791,NOT_YET_RECRUITING,INTERVENTIONAL
NCT06473883,NOT_YET_RECRUITING,INTERVENTIONAL
NCT06470256,RECRUITING,INTERVENTIONAL
NCT06481306,NOT_YET_RECRUITING,INTERVENTIONAL
NCT06472284,NOT_YET_RECRUITING,INTERVENTIONAL
NCT06472050,NOT_YET_RECRUITING,INTERVENTIONAL
NCT06472115,NOT_YET_RECRUITING,INTERVENTIONAL
NCT06479759,RECRUITING,INTERVENTIONAL
NCT06479889,NOT_YET_RECRUITING,INTERVENTIONAL
NCT06480110,RECRUITING,INTERVENTIONAL
NCT06477614,RECRUITING,INTERVENTIONAL
NCT06470581,NOT_YET_RECRUITING,INTERVENTIONAL
NCT06473207,NOT_YET_RECRUITING,INTERVENTIONAL
NCT06474468,NOT_YET_RECRUITING,INTERVENTIONAL
NCT06476639,NOT_YET_RECRUITING,INTERVENTIONAL
NCT06470217,RECRUITING,INTERVENTIONAL
NCT06473987,NOT_YET_RECRUITING,INTERVENTIONAL
NCT06471543,NOT_YET_RECRUITING,INTERVENTIONAL
NCT06474741,NOT_YET_RECRUITING,INTERVENTIONAL
NCT06472011,NOT_YET_RECRUITING,INTERVENTIONAL
NCT06476951,RECRUITING,INTERVENTIONAL
NCT06481605,NOT_YET_RECRUITING,INTERVENTIONAL
NCT06479850,NOT_YET_RECRUITING,INTERVENTIONAL
NCT06475170,NOT_YET_RECRUITING,INTERVENTIONAL
NCT06471426,RECRUITING,INTERVENTIONAL
NCT06473948,NOT_YET_RECRUITING,INTERVENTIONAL
NCT06472089,NOT_YET_RECRUITING,INTERVENTIONAL
NCT06482398,NOT_YET_RECRUITING,INTERVENTIONAL
NCT06476834,NOT_YET_RECRUITING,INTERVENTIONAL
NCT06479811,NOT_YET_RECRUITING,INTERVENTIONAL
NCT06480864,NOT_YET_RECRUITING,INTERVENTIONAL
NCT06475131,NOT_YET_RECRUITING,INTERVENTIONAL
NCT06470763,NOT_YET_RECRUITING,INTERVENTIONAL
NCT06480188,RECRUITING,INTERVENTIONAL
NCT06477419,RECRUITING,INTERVENTIONAL
NCT06473909,NOT_YET_RECRUITING,INTERVENTIONAL
NCT06478979,NOT_YET_RECRUITING,INTERVENTIONAL
NCT06470919,NOT_YET_RECRUITING,INTERVENTIONAL
NCT06481371,NOT_YET_RECRUITING,INTERVENTIONAL
NCT06472973,NOT_YET_RECRUITING,INTERVENTIONAL
NCT06482463,NOT_YET_RECRUITING,INTERVENTIONAL
NCT06477120,NOT_YET_RECRUITING,INTERVENTIONAL
NCT06476418,RECRUITING,INTERVENTIONAL
NCT06472908,NOT_YET_RECRUITING,INTERVENTIONAL
NCT06475664,NOT_YET_RECRUITING,INTERVENTIONAL
NCT06478056,RECRUITING,INTERVENTIONAL
NCT06478810,NOT_YET_RECRUITING,INTERVENTIONAL
NCT06478797,NOT_YET_RECRUITING,INTERVENTIONAL
NCT06477198,NOT_YET_RECRUITING,INTERVENTIONAL
NCT06477874,RECRUITING,INTERVENTIONAL
NCT06482658,NOT_YET_RECRUITING,INTERVENTIONAL
NCT06480370,NOT_YET_RECRUITING,INTERVENTIONAL
NCT06475326,RECRUITING,INTERVENTIONAL
NCT06471959,RECRUITING,INTERVENTIONAL
NCT06482567,NOT_YET_RECRUITING,INTERVENTIONAL
NCT06475625,ACTIVE_NOT_RECRUITING,INTERVENTIONAL
NCT06478017,NOT_YET_RECRUITING,INTERVENTIONAL
NCT06480448,RECRUITING,INTERVENTIONAL
NCT06478693,RECRUITING,INTERVENTIONAL
NCT06477835,NOT_YET_RECRUITING,INTERVENTIONAL
NCT06475222,NOT_YET_RECRUITING,INTERVENTIONAL
NCT06480331,RECRUITING,INTERVENTIONAL
NCT06470165,NOT_YET_RECRUITING,INTERVENTIONAL
NCT06478732,NOT_YET_RECRUITING,INTERVENTIONAL
NCT06476405,NOT_YET_RECRUITING,INTERVENTIONAL
NCT06482242,NOT_YET_RECRUITING,INTERVENTIONAL
NCT06482307,NOT_YET_RECRUITING,INTERVENTIONAL
NCT06477185,NOT_YET_RECRUITING,INTERVENTIONAL
NCT06479031,NOT_YET_RECRUITING,INTERVENTIONAL
NCT06479174,NOT_YET_RECRUITING,INTERVENTIONAL
NCT06476002,RECRUITING,INTERVENTIONAL
NCT06482645,NOT_YET_RECRUITING,INTERVENTIONAL
NCT06474195,RECRUITING,INTERVENTIONAL
NCT06470139,NOT_YET_RECRUITING,INTERVENTIONAL
NCT06476782,RECRUITING,INTERVENTIONAL
NCT06482983,RECRUITING,INTERVENTIONAL
NCT06482203,RECRUITING,INTERVENTIONAL
NCT06482346,NOT_YET_RECRUITING,INTERVENTIONAL
NCT06481839,NOT_YET_RECRUITING,INTERVENTIONAL
NCT06475287,NOT_YET_RECRUITING,INTERVENTIONAL
NCT06475053,NOT_YET_RECRUITING,INTERVENTIONAL
NCT06479070,NOT_YET_RECRUITING,INTERVENTIONAL
NCT06475950,NOT_YET_RECRUITING,INTERVENTIONAL
NCT06479135,RECRUITING,INTERVENTIONAL
NCT06477081,NOT_YET_RECRUITING,INTERVENTIONAL
NCT06476106,RECRUITING,INTERVENTIONAL
NCT06474286,NOT_YET_RECRUITING,INTERVENTIONAL
NCT06477445,NOT_YET_RECRUITING,INTERVENTIONAL
NCT06474793,RECRUITING,INTERVENTIONAL
NCT06471712,NOT_YET_RECRUITING,INTERVENTIONAL
NCT06474455,NOT_YET_RECRUITING,INTERVENTIONAL
NCT06470945,ACTIVE_NOT_RECRUITING,INTERVENTIONAL
NCT06477107,NOT_YET_RECRUITING,INTERVENTIONAL
NCT06476080,NOT_YET_RECRUITING,INTERVENTIONAL
NCT06470841,NOT_YET_RECRUITING,INTERVENTIONAL
NCT06480253,NOT_YET_RECRUITING,INTERVENTIONAL
NCT06481696,RECRUITING,INTERVENTIONAL
NCT06477146,NOT_YET_RECRUITING,INTERVENTIONAL
NCT06477900,NOT_YET_RECRUITING,INTERVENTIONAL
NCT06477003,NOT_YET_RECRUITING,INTERVENTIONAL
NCT06472128,NOT_YET_RECRUITING,INTERVENTIONAL
NCT06474910,RECRUITING,INTERVENTIONAL
NCT06476184,NOT_YET_RECRUITING,INTERVENTIONAL
NCT06474013,NOT_YET_RECRUITING,INTERVENTIONAL
NCT06479343,NOT_YET_RECRUITING,INTERVENTIONAL
NCT06478381,RECRUITING,INTERVENTIONAL
NCT06479590,NOT_YET_RECRUITING,INTERVENTIONAL
NCT06474208,NOT_YET_RECRUITING,INTERVENTIONAL
NCT06471231,RECRUITING,INTERVENTIONAL
NCT06471374,RECRUITING,INTERVENTIONAL
NCT06477536,NOT_YET_RECRUITING,INTERVENTIONAL
NCT06476327,NOT_YET_RECRUITING,INTERVENTIONAL
NCT06481423,RECRUITING,INTERVENTIONAL
NCT06481566,RECRUITING,INTERVENTIONAL
NCT06470932,NOT_YET_RECRUITING,INTERVENTIONAL
NCT06471335,RECRUITING,INTERVENTIONAL
NCT06476223,NOT_YET_RECRUITING,INTERVENTIONAL
NCT06482034,RECRUITING,INTERVENTIONAL
NCT06476366,NOT_YET_RECRUITING,INTERVENTIONAL
NCT06476171,RECRUITING,INTERVENTIONAL
NCT06475248,NOT_YET_RECRUITING,INTERVENTIONAL
NCT06472427,NOT_YET_RECRUITING,INTERVENTIONAL
NCT06480422,RECRUITING,INTERVENTIONAL
NCT06477367,NOT_YET_RECRUITING,INTERVENTIONAL
NCT06483035,NOT_YET_RECRUITING,INTERVENTIONAL
NCT06474377,NOT_YET_RECRUITING,INTERVENTIONAL
NCT06470334,NOT_YET_RECRUITING,INTERVENTIONAL
NCT06471933,NOT_YET_RECRUITING,INTERVENTIONAL
NCT06473298,RECRUITING,INTERVENTIONAL
NCT06475209,RECRUITING,INTERVENTIONAL
NCT06472466,NOT_YET_RECRUITING,INTERVENTIONAL
NCT06482632,NOT_YET_RECRUITING,INTERVENTIONAL
NCT06475989,NOT_YET_RECRUITING,INTERVENTIONAL
NCT06483074,NOT_YET_RECRUITING,INTERVENTIONAL
NCT06477263,RECRUITING,INTERVENTIONAL
NCT06474273,NOT_YET_RECRUITING,INTERVENTIONAL
NCT06477848,NOT_YET_RECRUITING,INTERVENTIONAL
NCT06474767,NOT_YET_RECRUITING,INTERVENTIONAL
NCT06473558,NOT_YET_RECRUITING,INTERVENTIONAL
NCT06478251,RECRUITING,INTERVENTIONAL
NCT06480435,RECRUITING,INTERVENTIONAL
NCT06480032,RECRUITING,INTERVENTIONAL
NCT06479694,RECRUITING,INTERVENTIONAL
NCT06472037,NOT_YET_RECRUITING,INTERVENTIONAL
NCT06483022,NOT_YET_RECRUITING,INTERVENTIONAL
NCT06476977,RECRUITING,INTERVENTIONAL
NCT06472934,NOT_YET_RECRUITING,INTERVENTIONAL
NCT06477809,NOT_YET_RECRUITING,INTERVENTIONAL
NCT06473519,NOT_YET_RECRUITING,INTERVENTIONAL
NCT06478355,ACTIVE_NOT_RECRUITING,INTERVENTIONAL
NCT06474663,NOT_YET_RECRUITING,INTERVENTIONAL
NCT06474819,NOT_YET_RECRUITING,INTERVENTIONAL
NCT06480136,NOT_YET_RECRUITING,INTERVENTIONAL
NCT06476873,NOT_YET_RECRUITING,INTERVENTIONAL
NCT06472076,RECRUITING,INTERVENTIONAL
NCT06481475,NOT_YET_RECRUITING,INTERVENTIONAL
NCT06478953,RECRUITING,INTERVENTIONAL
NCT06476808,NOT_YET_RECRUITING,INTERVENTIONAL
NCT06472518,NOT_YET_RECRUITING,INTERVENTIONAL
NCT06473974,NOT_YET_RECRUITING,INTERVENTIONAL
NCT06476275,NOT_YET_RECRUITING,INTERVENTIONAL
NCT06473831,RECRUITING,INTERVENTIONAL
NCT06479616,RECRUITING,INTERVENTIONAL
NCT06481072,RECRUITING,INTERVENTIONAL
NCT06481137,RECRUITING,INTERVENTIONAL
NCT06471699,NOT_YET_RECRUITING,INTERVENTIONAL
NCT06471725,RECRUITING,INTERVENTIONAL
NCT06481033,NOT_YET_RECRUITING,INTERVENTIONAL
NCT06481176,NOT_YET_RECRUITING,INTERVENTIONAL
NCT06471322,NOT_YET_RECRUITING,INTERVENTIONAL
NCT06474507,NOT_YET_RECRUITING,INTERVENTIONAL
NCT06478524,RECRUITING,INTERVENTIONAL
NCT06476886,RECRUITING,INTERVENTIONAL
NCT06474442,NOT_YET_RECRUITING,INTERVENTIONAL
NCT06482541,NOT_YET_RECRUITING,INTERVENTIONAL
NCT06471569,NOT_YET_RECRUITING,INTERVENTIONAL
NCT06476756,RECRUITING,INTERVENTIONAL
NCT06476613,RECRUITING,INTERVENTIONAL
NCT06481228,NOT_YET_RECRUITING,INTERVENTIONAL
NCT06480747,NOT_YET_RECRUITING,INTERVENTIONAL
NCT06477393,NOT_YET_RECRUITING,INTERVENTIONAL
NCT06477055,NOT_YET_RECRUITING,INTERVENTIONAL
NCT06474546,NOT_YET_RECRUITING,INTERVENTIONAL
NCT06473779,NOT_YET_RECRUITING,INTERVENTIONAL
NCT06472492,RECRUITING,INTERVENTIONAL
NCT06478420,RECRUITING,INTERVENTIONAL
NCT06474403,RECRUITING,INTERVENTIONAL
NCT06482853,RECRUITING,INTERVENTIONAL
NCT06478498,NOT_YET_RECRUITING,INTERVENTIONAL
NCT06475300,NOT_YET_RECRUITING,INTERVENTIONAL
NCT06480643,NOT_YET_RECRUITING,INTERVENTIONAL
NCT06475183,RECRUITING,INTERVENTIONAL
NCT06474585,NOT_YET_RECRUITING,INTERVENTIONAL
NCT06482255,NOT_YET_RECRUITING,INTERVENTIONAL
NCT06477653,NOT_YET_RECRUITING,INTERVENTIONAL
NCT06471504,NOT_YET_RECRUITING,INTERVENTIONAL
NCT06473493,NOT_YET_RECRUITING,INTERVENTIONAL
NCT06474182,NOT_YET_RECRUITING,INTERVENTIONAL
NCT06479499,RECRUITING,INTERVENTIONAL
NCT06480383,RECRUITING,INTERVENTIONAL
NCT06481592,NOT_YET_RECRUITING,INTERVENTIONAL
NCT06474897,RECRUITING,INTERVENTIONAL
NCT06470568,NOT_YET_RECRUITING,INTERVENTIONAL
NCT06477757,NOT_YET_RECRUITING,INTERVENTIONAL
NCT06474481,NOT_YET_RECRUITING,INTERVENTIONAL
NCT06473714,NOT_YET_RECRUITING,INTERVENTIONAL
NCT06475443,NOT_YET_RECRUITING,INTERVENTIONAL
NCT06471400,RECRUITING,INTERVENTIONAL
NCT06477887,RECRUITING,INTERVENTIONAL
NCT06476795,RECRUITING,INTERVENTIONAL
NCT06473597,NOT_YET_RECRUITING,INTERVENTIONAL
NCT06479876,NOT_YET_RECRUITING,INTERVENTIONAL
NCT06471816,RECRUITING,INTERVENTIONAL
NCT06472739,RECRUITING,INTERVENTIONAL
NCT06476054,RECRUITING,INTERVENTIONAL
NCT06476392,NOT_YET_RECRUITING,INTERVENTIONAL
NCT06479122,NOT_YET_RECRUITING,INTERVENTIONAL
NCT06480656,RECRUITING,INTERVENTIONAL
NCT06482684,RECRUITING,INTERVENTIONAL
NCT06482112,NOT_YET_RECRUITING,INTERVENTIONAL
NCT06471244,NOT_YET_RECRUITING,INTERVENTIONAL
NCT06474416,RECRUITING,INTERVENTIONAL
NCT06470906,NOT_YET_RECRUITING,INTERVENTIONAL
NCT06478823,NOT_YET_RECRUITING,INTERVENTIONAL
NCT06471751,NOT_YET_RECRUITING,INTERVENTIONAL
NCT06482450,NOT_YET_RECRUITING,INTERVENTIONAL
NCT06471881,ACTIVE_NOT_RECRUITING,INTERVENTIONAL
NCT06477406,NOT_YET_RECRUITING,INTERVENTIONAL
NCT06481293,RECRUITING,INTERVENTIONAL
NCT06482515,NOT_YET_RECRUITING,INTERVENTIONAL
NCT06478589,NOT_YET_RECRUITING,INTERVENTIONAL
NCT06472583,RECRUITING,INTERVENTIONAL
NCT06471205,NOT_YET_RECRUITING,INTERVENTIONAL
NCT06478927,RECRUITING,INTERVENTIONAL
NCT06478862,RECRUITING,INTERVENTIONAL
NCT06470802,RECRUITING,INTERVENTIONAL
NCT06471439,RECRUITING,INTERVENTIONAL
NCT06481397,NOT_YET_RECRUITING,INTERVENTIONAL
NCT06471985,NOT_YET_RECRUITING,INTERVENTIONAL
NCT06475495,NOT_YET_RECRUITING,INTERVENTIONAL
NCT06476743,RECRUITING,INTERVENTIONAL
NCT06482554,RECRUITING,INTERVENTIONAL
NCT06475378,NOT_YET_RECRUITING,INTERVENTIONAL
NCT06482606,NOT_YET_RECRUITING,INTERVENTIONAL
NCT06482190,NOT_YET_RECRUITING,INTERVENTIONAL
NCT06473701,NOT_YET_RECRUITING,INTERVENTIONAL
NCT06470984,NOT_YET_RECRUITING,INTERVENTIONAL
NCT06480396,NOT_YET_RECRUITING,INTERVENTIONAL
NCT06470438,RECRUITING,INTERVENTIONAL
NCT06479863,NOT_YET_RECRUITING,INTERVENTIONAL
NCT06471946,NOT_YET_RECRUITING,INTERVENTIONAL
NCT06478264,NOT_YET_RECRUITING,INTERVENTIONAL
NCT06470204,NOT_YET_RECRUITING,INTERVENTIONAL
NCT06474247,RECRUITING,INTERVENTIONAL
NCT06473428,NOT_YET_RECRUITING,INTERVENTIONAL
NCT06480695,NOT_YET_RECRUITING,INTERVENTIONAL
NCT06475339,NOT_YET_RECRUITING,INTERVENTIONAL
NCT06473740,RECRUITING,INTERVENTIONAL
NCT06480292,NOT_YET_RECRUITING,INTERVENTIONAL
NCT06470880,NOT_YET_RECRUITING,INTERVENTIONAL
NCT06472297,RECRUITING,INTERVENTIONAL
NCT06475417,RECRUITING,INTERVENTIONAL
NCT06478225,RECRUITING,INTERVENTIONAL
NCT06471907,RECRUITING,INTERVENTIONAL
NCT06479434,RECRUITING,INTERVENTIONAL
NCT06478602,RECRUITING,INTERVENTIONAL
NCT06480123,NOT_YET_RECRUITING,INTERVENTIONAL
NCT06479785,NOT_YET_RECRUITING,INTERVENTIONAL
NCT06472960,NOT_YET_RECRUITING,INTERVENTIONAL
NCT06482372,NOT_YET_RECRUITING,INTERVENTIONAL
NCT06480461,NOT_YET_RECRUITING,INTERVENTIONAL
NCT06474676,NOT_YET_RECRUITING,INTERVENTIONAL
NCT06479382,NOT_YET_RECRUITING,INTERVENTIONAL
NCT06478069,ACTIVE_NOT_RECRUITING,INTERVENTIONAL
NCT06474949,NOT_YET_RECRUITING,INTERVENTIONAL
NCT06480318,NOT_YET_RECRUITING,INTERVENTIONAL
NCT06476132,NOT_YET_RECRUITING,INTERVENTIONAL
NCT06478706,RECRUITING,INTERVENTIONAL
NCT06476431,NOT_YET_RECRUITING,INTERVENTIONAL
NCT06472921,NOT_YET_RECRUITING,INTERVENTIONAL
NCT06476574,RECRUITING,INTERVENTIONAL
NCT06479681,RECRUITING,INTERVENTIONAL
NCT06482333,NOT_YET_RECRUITING,INTERVENTIONAL
NCT06472167,RECRUITING,INTERVENTIONAL
NCT06472219,NOT_YET_RECRUITING,INTERVENTIONAL
NCT06474637,RECRUITING,INTERVENTIONAL
NCT06479005,NOT_YET_RECRUITING,INTERVENTIONAL
NCT06480565,NOT_YET_RECRUITING,INTERVENTIONAL
NCT06482671,NOT_YET_RECRUITING,INTERVENTIONAL
NCT06477627,RECRUITING,INTERVENTIONAL
NCT06478680,NOT_YET_RECRUITING,INTERVENTIONAL
NCT06475118,NOT_YET_RECRUITING,INTERVENTIONAL
NCT06481163,NOT_YET_RECRUITING,INTERVENTIONAL
NCT06479707,NOT_YET_RECRUITING,INTERVENTIONAL
NCT06479642,NOT_YET_RECRUITING,INTERVENTIONAL
NCT06482827,NOT_YET_RECRUITING,INTERVENTIONAL
NCT06476626,NOT_YET_RECRUITING,INTERVENTIONAL
NCT06471049,RECRUITING,INTERVENTIONAL
NCT06478784,RECRUITING,INTERVENTIONAL
NCT06477471,NOT_YET_RECRUITING,INTERVENTIONAL
NCT06473961,NOT_YET_RECRUITING,INTERVENTIONAL
NCT06470971,NOT_YET_RECRUITING,INTERVENTIONAL
NCT06479603,ACTIVE_NOT_RECRUITING,INTERVENTIONAL
NCT06477133,RECRUITING,INTERVENTIONAL
NCT06481319,NOT_YET_RECRUITING,INTERVENTIONAL
NCT06471634,NOT_YET_RECRUITING,INTERVENTIONAL
NCT06474572,NOT_YET_RECRUITING,INTERVENTIONAL
NCT06479655,NOT_YET_RECRUITING,INTERVENTIONAL
NCT06482164,RECRUITING,INTERVENTIONAL
NCT06482021,NOT_YET_RECRUITING,INTERVENTIONAL
NCT06476236,NOT_YET_RECRUITING,INTERVENTIONAL
NCT06479317,RECRUITING,INTERVENTIONAL
NCT06479252,NOT_YET_RECRUITING,INTERVENTIONAL
NCT06480227,NOT_YET_RECRUITING,INTERVENTIONAL
NCT06481436,NOT_YET_RECRUITING,INTERVENTIONAL
NCT06478290,NOT_YET_RECRUITING,INTERVENTIONAL
NCT06472388,RECRUITING,INTERVENTIONAL
NCT06471361,NOT_YET_RECRUITING,INTERVENTIONAL
NCT06474026,NOT_YET_RECRUITING,INTERVENTIONAL
NCT06481709,NOT_YET_RECRUITING,INTERVENTIONAL
NCT06477523,RECRUITING,INTERVENTIONAL
NCT06482125,RECRUITING,INTERVENTIONAL
NCT06470659,RECRUITING,INTERVENTIONAL
NCT06479356,NOT_YET_RECRUITING,INTERVENTIONAL
NCT06479213,RECRUITING,INTERVENTIONAL
NCT06479993,RECRUITING,INTERVENTIONAL
NCT06477276,RECRUITING,INTERVENTIONAL
NCT06483061,NOT_YET_RECRUITING,INTERVENTIONAL
NCT06480708,NOT_YET_RECRUITING,INTERVENTIONAL
NCT06475924,RECRUITING,INTERVENTIONAL
NCT06470360,RECRUITING,INTERVENTIONAL
NCT06479395,NOT_YET_RECRUITING,INTERVENTIONAL
NCT06482762,NOT_YET_RECRUITING,INTERVENTIONAL
NCT06478992,NOT_YET_RECRUITING,INTERVENTIONAL
NCT06482918,RECRUITING,INTERVENTIONAL
NCT06478212,NOT_YET_RECRUITING,INTERVENTIONAL
NCT06477237,RECRUITING,INTERVENTIONAL
NCT06472609,RECRUITING,INTERVENTIONAL
NCT06475066,NOT_YET_RECRUITING,INTERVENTIONAL
NCT06478654,RECRUITING,INTERVENTIONAL
NCT06471530,RECRUITING,INTERVENTIONAL
NCT06480175,RECRUITING,INTERVENTIONAL
NCT06475820,RECRUITING,INTERVENTIONAL
NCT06475573,ACTIVE_NOT_RECRUITING,INTERVENTIONAL
NCT06470321,RECRUITING,INTERVENTIONAL
NCT06473389,NOT_YET_RECRUITING,INTERVENTIONAL
NCT06479291,RECRUITING,INTERVENTIONAL
NCT06478316,NOT_YET_RECRUITING,INTERVENTIONAL
NCT06477094,NOT_YET_RECRUITING,INTERVENTIONAL
NCT06473038,NOT_YET_RECRUITING,INTERVENTIONAL
NCT06480786,NOT_YET_RECRUITING,INTERVENTIONAL
NCT06480552,NOT_YET_RECRUITING,INTERVENTIONAL
NCT06482580,ACTIVE_NOT_RECRUITING,INTERVENTIONAL
NCT06476847,NOT_YET_RECRUITING,INTERVENTIONAL
NCT06481085,NOT_YET_RECRUITING,INTERVENTIONAL
NCT06481969,RECRUITING,INTERVENTIONAL
NCT06479161,RECRUITING,INTERVENTIONAL
NCT06477939,NOT_YET_RECRUITING,INTERVENTIONAL
NCT06478459,NOT_YET_RECRUITING,INTERVENTIONAL
NCT06471855,RECRUITING,INTERVENTIONAL
NCT06480513,NOT_YET_RECRUITING,INTERVENTIONAL
NCT06482892,NOT_YET_RECRUITING,INTERVENTIONAL
NCT06475729,NOT_YET_RECRUITING,INTERVENTIONAL
NCT06472453,NOT_YET_RECRUITING,INTERVENTIONAL
NCT06476938,NOT_YET_RECRUITING,INTERVENTIONAL
NCT06474143,RECRUITING,INTERVENTIONAL
NCT06478160,NOT_YET_RECRUITING,INTERVENTIONAL
NCT06470100,NOT_YET_RECRUITING,INTERVENTIONAL
NCT06474728,NOT_YET_RECRUITING,INTERVENTIONAL
NCT06473844,NOT_YET_RECRUITING,INTERVENTIONAL
NCT06477692,NOT_YET_RECRUITING,INTERVENTIONAL
NCT06472869,NOT_YET_RECRUITING,INTERVENTIONAL
NCT06482294,ACTIVE_NOT_RECRUITING,INTERVENTIONAL
NCT06481787,NOT_YET_RECRUITING,INTERVENTIONAL
NCT06472193,RECRUITING,INTERVENTIONAL
NCT06480968,RECRUITING,INTERVENTIONAL
NCT06480084,NOT_YET_RECRUITING,INTERVENTIONAL
NCT06473805,NOT_YET_RECRUITING,INTERVENTIONAL
NCT06477796,NOT_YET_RECRUITING,INTERVENTIONAL
NCT06481800,RECRUITING,INTERVENTIONAL
NCT06478875,NOT_YET_RECRUITING,INTERVENTIONAL
NCT06471075,NOT_YET_RECRUITING,INTERVENTIONAL
NCT06479629,NOT_YET_RECRUITING,INTERVENTIONAL
NCT06476925,NOT_YET_RECRUITING,INTERVENTIONAL
NCT06472570,RECRUITING,INTERVENTIONAL
NCT06470633,NOT_YET_RECRUITING,INTERVENTIONAL
NCT06477549,RECRUITING,INTERVENTIONAL
NCT06470776,NOT_YET_RECRUITING,INTERVENTIONAL
NCT06473623,NOT_YET_RECRUITING,INTERVENTIONAL
NCT06473766,NOT_YET_RECRUITING,INTERVENTIONAL
NCT06474559,RECRUITING,INTERVENTIONAL
NCT06474689,RECRUITING,INTERVENTIONAL
NCT06479668,NOT_YET_RECRUITING,INTERVENTIONAL
NCT06471608,NOT_YET_RECRUITING,INTERVENTIONAL
NCT06476964,NOT_YET_RECRUITING,INTERVENTIONAL
NCT06472024,NOT_YET_RECRUITING,INTERVENTIONAL
NCT06476821,NOT_YET_RECRUITING,INTERVENTIONAL
NCT06472531,RECRUITING,INTERVENTIONAL
NCT06470672,NOT_YET_RECRUITING,INTERVENTIONAL
NCT06470737,NOT_YET_RECRUITING,INTERVENTIONAL
NCT06476899,NOT_YET_RECRUITING,INTERVENTIONAL
NCT06473025,NOT_YET_RECRUITING,INTERVENTIONAL
NCT06482749,NOT_YET_RECRUITING,INTERVENTIONAL
NCT06481020,RECRUITING,INTERVENTIONAL
NCT06474975,NOT_YET_RECRUITING,INTERVENTIONAL
NCT06472726,NOT_YET_RECRUITING,INTERVENTIONAL
NCT06482437,NOT_YET_RECRUITING,INTERVENTIONAL
NCT06478147,ACTIVE_NOT_RECRUITING,INTERVENTIONAL
NCT06481098,RECRUITING,INTERVENTIONAL
NCT06476509,NOT_YET_RECRUITING,INTERVENTIONAL
NCT06471673,RECRUITING,INTERVENTIONAL
NCT06479486,NOT_YET_RECRUITING,INTERVENTIONAL
NCT06473064,ACTIVE_NOT_RECRUITING,INTERVENTIONAL
NCT06474871,NOT_YET_RECRUITING,INTERVENTIONAL
NCT06472622,NOT_YET_RECRUITING,INTERVENTIONAL
NCT06476548,RECRUITING,INTERVENTIONAL
NCT06471777,NOT_YET_RECRUITING,INTERVENTIONAL
NCT06478940,NOT_YET_RECRUITING,INTERVENTIONAL
NCT06478043,NOT_YET_RECRUITING,INTERVENTIONAL
NCT06479330,NOT_YET_RECRUITING,INTERVENTIONAL
NCT06478433,NOT_YET_RECRUITING,INTERVENTIONAL
NCT06474806,RECRUITING,INTERVENTIONAL
NCT06470516,RECRUITING,INTERVENTIONAL
NCT06478576,RECRUITING,INTERVENTIONAL
NCT06482905,NOT_YET_RECRUITING,INTERVENTIONAL
NCT06473506,RECRUITING,INTERVENTIONAL
NCT06476704,NOT_YET_RECRUITING,INTERVENTIONAL
NCT06471491,RECRUITING,INTERVENTIONAL
NCT06471868,ACTIVE_NOT_RECRUITING,INTERVENTIONAL
NCT06477380,NOT_YET_RECRUITING,INTERVENTIONAL
NCT06475352,NOT_YET_RECRUITING,INTERVENTIONAL
NCT06479408,NOT_YET_RECRUITING,INTERVENTIONAL
NCT06478472,RECRUITING,INTERVENTIONAL
NCT06475755,NOT_YET_RECRUITING,INTERVENTIONAL
NCT06478537,RECRUITING,INTERVENTIONAL
NCT06476483,NOT_YET_RECRUITING,INTERVENTIONAL
NCT06482944,NOT_YET_RECRUITING,INTERVENTIONAL
NCT06476600,RECRUITING,INTERVENTIONAL
NCT06482047,NOT_YET_RECRUITING,INTERVENTIONAL
NCT06471595,NOT_YET_RECRUITING,INTERVENTIONAL
NCT06482801,RECRUITING,INTERVENTIONAL
NCT06471829,NOT_YET_RECRUITING,INTERVENTIONAL
NCT06472141,NOT_YET_RECRUITING,INTERVENTIONAL
NCT06475391,RECRUITING,INTERVENTIONAL
NCT06470828,NOT_YET_RECRUITING,INTERVENTIONAL
NCT06477744,ACTIVE_NOT_RECRUITING,INTERVENTIONAL
NCT06477601,RECRUITING,INTERVENTIONAL
NCT06470347,RECRUITING,INTERVENTIONAL
NCT06475846,NOT_YET_RECRUITING,INTERVENTIONAL
NCT06474754,NOT_YET_RECRUITING,INTERVENTIONAL
NCT06476769,RECRUITING,INTERVENTIONAL
NCT06471556,NOT_YET_RECRUITING,INTERVENTIONAL
NCT06479473,RECRUITING,INTERVENTIONAL
NCT06473584,NOT_YET_RECRUITING,INTERVENTIONAL
NCT06474611,ACTIVE_NOT_RECRUITING,INTERVENTIONAL
NCT06482138,RECRUITING,INTERVENTIONAL
NCT06474312,RECRUITING,INTERVENTIONAL
NCT06477705,RECRUITING,INTERVENTIONAL
NCT06477640,NOT_YET_RECRUITING,INTERVENTIONAL
NCT06480851,NOT_YET_RECRUITING,INTERVENTIONAL
NCT06479824,NOT_YET_RECRUITING,INTERVENTIONAL
NCT06473480,NOT_YET_RECRUITING,INTERVENTIONAL
NCT06479577,RECRUITING,INTERVENTIONAL
NCT06474715,RECRUITING,INTERVENTIONAL
NCT06475807,NOT_YET_RECRUITING,INTERVENTIONAL
NCT06471517,RECRUITING,INTERVENTIONAL
NCT06471452,RECRUITING,INTERVENTIONAL
NCT06474650,NOT_YET_RECRUITING,INTERVENTIONAL
NCT06470243,NOT_YET_RECRUITING,INTERVENTIONAL
NCT06473896,RECRUITING,INTERVENTIONAL
NCT06475105,RECRUITING,INTERVENTIONAL
NCT06476379,RECRUITING,INTERVENTIONAL
NCT06473194,NOT_YET_RECRUITING,INTERVENTIONAL
NCT06475040,RECRUITING,INTERVENTIONAL
NCT06477354,NOT_YET_RECRUITING,INTERVENTIONAL
NCT06481579,ACTIVE_NOT_RECRUITING,INTERVENTIONAL
NCT06476457,NOT_YET_RECRUITING,INTERVENTIONAL
NCT06472414,NOT_YET_RECRUITING,INTERVENTIONAL
NCT06475781,NOT_YET_RECRUITING,INTERVENTIONAL
NCT06475144,NOT_YET_RECRUITING,INTERVENTIONAL
NCT06473090,NOT_YET_RECRUITING,INTERVENTIONAL
NCT06475001,NOT_YET_RECRUITING,INTERVENTIONAL
NCT06477250,NOT_YET_RECRUITING,INTERVENTIONAL
NCT06476912,RECRUITING,INTERVENTIONAL
NCT06482528,RECRUITING,INTERVENTIONAL
NCT06481241,NOT_YET_RECRUITING,INTERVENTIONAL
NCT06477913,RECRUITING,INTERVENTIONAL
NCT06473116,NOT_YET_RECRUITING,INTERVENTIONAL
NCT06476314,NOT_YET_RECRUITING,INTERVENTIONAL
NCT06476197,ACTIVE_NOT_RECRUITING,INTERVENTIONAL
NCT06473454,NOT_YET_RECRUITING,INTERVENTIONAL
NCT06472245,NOT_YET_RECRUITING,INTERVENTIONAL
NCT06480539,RECRUITING,INTERVENTIONAL
NCT06472479,NOT_YET_RECRUITING,INTERVENTIONAL
NCT06480240,RECRUITING,INTERVENTIONAL
NCT06473792,RECRUITING,INTERVENTIONAL
NCT06480305,NOT_YET_RECRUITING,INTERVENTIONAL
NCT06479720,RECRUITING,INTERVENTIONAL
NCT06481514,NOT_YET_RECRUITING,INTERVENTIONAL
NCT06475703,NOT_YET_RECRUITING,INTERVENTIONAL
NCT06477952,NOT_YET_RECRUITING,INTERVENTIONAL
NCT06476210,RECRUITING,INTERVENTIONAL
NCT06473012,NOT_YET_RECRUITING,INTERVENTIONAL
NCT06476093,RECRUITING,INTERVENTIONAL
NCT06471582,NOT_YET_RECRUITING,INTERVENTIONAL
NCT06479018,RECRUITING,INTERVENTIONAL
NCT06480981,NOT_YET_RECRUITING,INTERVENTIONAL
NCT06480578,NOT_YET_RECRUITING,INTERVENTIONAL
NCT06481410,NOT_YET_RECRUITING,INTERVENTIONAL
NCT06480201,RECRUITING,INTERVENTIONAL
NCT06475742,NOT_YET_RECRUITING,INTERVENTIONAL
NCT06481488,NOT_YET_RECRUITING,INTERVENTIONAL
NCT06475365,NOT_YET_RECRUITING,INTERVENTIONAL
NCT06474962,NOT_YET_RECRUITING,INTERVENTIONAL
NCT06472336,NOT_YET_RECRUITING,INTERVENTIONAL
NCT06482359,NOT_YET_RECRUITING,INTERVENTIONAL
NCT06480734,NOT_YET_RECRUITING,INTERVENTIONAL
NCT06476288,NOT_YET_RECRUITING,INTERVENTIONAL
NCT06476158,RECRUITING,INTERVENTIONAL
NCT06472232,NOT_YET_RECRUITING,INTERVENTIONAL
NCT06480630,NOT_YET_RECRUITING,INTERVENTIONAL
NCT06479096,NOT_YET_RECRUITING,INTERVENTIONAL
NCT06478238,RECRUITING,INTERVENTIONAL
NCT06474260,RECRUITING,INTERVENTIONAL
NCT06477159,RECRUITING,INTERVENTIONAL
NCT06474325,NOT_YET_RECRUITING,INTERVENTIONAL
NCT06471127,NOT_YET_RECRUITING,INTERVENTIONAL
NCT06479239,NOT_YET_RECRUITING,INTERVENTIONAL
NCT06481631,NOT_YET_RECRUITING,INTERVENTIONAL
NCT06471465,NOT_YET_RECRUITING,INTERVENTIONAL
NCT06481774,NOT_YET_RECRUITING,INTERVENTIONAL
NCT06471023,NOT_YET_RECRUITING,INTERVENTIONAL
NCT06474221,RECRUITING,INTERVENTIONAL
NCT06471920,NOT_YET_RECRUITING,INTERVENTIONAL
NCT06475430,NOT_YET_RECRUITING,INTERVENTIONAL
NCT06474364,NOT_YET_RECRUITING,INTERVENTIONAL
NCT06471218,NOT_YET_RECRUITING,INTERVENTIONAL
NCT06479278,NOT_YET_RECRUITING,INTERVENTIONAL
NCT06481670,NOT_YET_RECRUITING,INTERVENTIONAL
NCT06474299,NOT_YET_RECRUITING,INTERVENTIONAL
NCT06481735,RECRUITING,INTERVENTIONAL
NCT06471998,NOT_YET_RECRUITING,INTERVENTIONAL
